"SubjectKey","Split"
"adoled2203","calibration"
"adoled2214","holdout"
"adoled2216","calibration"
"adoled2217","calibration"
"adoled2222","holdout"
"adultd1210","calibration"
"adultd1224","calibration"
"adultd1229","holdout"
"adultd1232","calibration"
"adultd1236","calibration"
"childd3202","holdout"
"childd3206","calibration"
"childd3210","holdout"
"childd3223","calibration"
"childd3225","calibration"
"childd3260","holdout"
"donechinesedyslexia907","calibration"
"donechinesedyslexia911","calibration"
"donechinesedyslexia914","holdout"
"donechinesedyslexia917","holdout"
"donechinesedyslexia921","calibration"
"newddadults853","calibration"
"newddadults854","calibration"
"newddadults858","calibration"
"newddadults860","calibration"
"newddadults861","holdout"
"newddadults951","calibration"
"newddadults956","calibration"
"newddadults958","calibration"
"adolec2115","calibration"
"adoled2204","calibration"
"adoled2205","calibration"
"adoled2206","holdout"
"adoled2208","holdout"
"adoled2210","holdout"
"adoled2218","holdout"
"adoled2221","calibration"
"adoled2223","holdout"
"adultd1203","calibration"
"adultd1204","calibration"
"adultd1206","holdout"
"adultd1213","calibration"
"adultd1225","holdout"
"adultd1226","calibration"
"adultd1227","calibration"
"adultd1228","holdout"
"adultd1231","calibration"
"adultd1235","calibration"
"bilingualdevelopmentnetworkchildren9010","calibration"
"bilingualdevelopmentnetworkchildren9023","calibration"
"bilingualdevelopmentnetworkchildren9031","calibration"
"bilingualdevelopmentnetworkchildren9210","calibration"
"childc3120","holdout"
"childd3215","calibration"
"childd3217","calibration"
"childd3220","calibration"
"childd3224","calibration"
"childd3226","holdout"
"childd3227","calibration"
"childd3229","calibration"
"childd3233","holdout"
"childd3234","calibration"
"childd3235","calibration"
"childd3237","calibration"
"childd3238","holdout"
"childd3241","holdout"
"childd3242","calibration"
"childd3252","holdout"
"childd3253","calibration"
"childd3254","calibration"
"childd3256","calibration"
"childd3258","calibration"
"childd3259","calibration"
"childd3262","calibration"
"childd3263","calibration"
"controldataagecontrol504","calibration"
"donechinesedyslexia909","calibration"
"donechinesedyslexia912","holdout"
"donechinesedyslexia913","calibration"
"donechinesedyslexia916","calibration"
"donechinesedyslexia918","holdout"
"donechinesedyslexia919","holdout"
"donechinesedyslexia920","holdout"
"donechinesedyslexia922","calibration"
"donechinesedyslexia923","calibration"
"donechinesedyslexia924","calibration"
"donechinesedyslexia926","calibration"
"donechinesedyslexia927","holdout"
"donechinesedyslexia928","calibration"
"newddadults851","calibration"
"newddadults859","calibration"
"newddadults862","calibration"
"newddadults863","holdout"
"newddadults952","calibration"
"newddadults959","calibration"
"newddadults962","calibration"
